Time;RMSD
34;0.2243
50;0.2861
61;0.1858
75;0.07
91;0.0648
115;0.0566
134;0.0499
150;0.059
169;0.0581
189;0.0586
201;0.0614
215;0.0773
235;0.1294
242;0.0595
256;0.053
272;0.0627
288;0.0776
302;0.0924
326;0.1094
343;0.1201
358;0.1054
369;0.0853
385;0.0995
401;0.109
418;0.0879
433;0.0811
440;0.1139
455;0.1236
465;0.136
484;0.2066
491;0.224
515;0.1954
525;0.1933
547;0.2147
554;0.1694
570;0.1405
581;0.1033
600;0.1139
612;0.0873
636;0.1204
653;0.115
668;0.082
688;0.0837
698;0.1078
712;0.1081
728;0.0949
752;0.1155
776;0.1046
791;0.1699
806;0.1929
813;0.1796
834;0.1333
853;0.1292
875;0.1309
891;0.2075
908;0.2347
929;0.2556
944;0.2849
960;0.3594
970;0.3963
987;0.4127
994;0.3652
1013;0.2795
1045;0.2662
1051;0.2488
1075;0.1918
1098;0.2138
1104;0.1914
1120;0.1849
1132;0.1326
1148;0.1081
1167;0.1032
1184;0.1086
1208;0.093
1232;0.099
1254;0.0891
1273;0.1007
1285;0.1094
1300;0.0989
1319;0.0979
1338;0.1209
1350;0.1212
1366;0.108
1387;0.1269
1394;0.1
1413;0.1247
1435;0.1051
1454;0.1159
1468;0.1131
1483;0.1085
1498;0.0894
1513;0.0799
1527;0.0812
1539;0.0719
1556;0.0618
1576;0.0701
1590;0.0717
1614;0.0681
1633;0.0771
1657;0.0836
1674;0.0815
1698;0.0822
1717;0.1065
1744;0.0754
1750;0.0699
1782;0.0896
1788;0.0796
1800;0.0752
1816;0.1
1833;0.0966
1848;0.0753
1855;0.0702
1874;0.0884
1898;0.0804
1922;0.0709
1941;0.0799
1963;0.0922
1977;0.095
1999;0.0653
2020;0.0634
2031;0.0558
2050;0.0553
2065;0.0735
2071;0.0957
2091;0.0839
2102;0.0767
2116;0.1121
2123;0.0948
2135;0.0965
2155;0.1128
2179;0.1051
2198;0.0914
2217;0.081
2236;0.0895
2250;0.1048
2267;0.1033
2277;0.1147
2299;0.1658
2306;0.1375
2317;0.1377
2324;0.1019
2351;0.0955
2357;0.0664
2381;0.0677
2393;0.0665
2413;0.0674
2432;0.071
2451;0.0755
2461;0.0945
2468;0.1085
2485;0.1279
2502;0.1437
2522;0.1398
2539;0.1291
2561;0.1149
2581;0.1411
2611;0.1675
2617;0.1305
2637;0.132
2643;0.1305
2657;0.1187
2676;0.1296
2697;0.1294
2712;0.139
2724;0.1277
2734;0.1077
2750;0.1271
2765;0.1369
2784;0.1135
2803;0.1366
2810;0.1523
2817;0.0999
2849;0.1082
2855;0.1096
2870;0.0746
2885;0.0631
2901;0.0552
2920;0.0535
2937;0.0491
2953;0.0615
2963;0.0854
2973;0.0939
2998;0.1049
3004;0.1318
3015;0.1051
3027;0.0855
3046;0.1305
3058;0.129
3065;0.0865
3075;0.1106
3092;0.15
3102;0.127
3121;0.1171
3128;0.0869
3147;0.0742
3153;0.0671
3167;0.0678
3186;0.0665
3207;0.0649
3231;0.0792
3237;0.0767
3269;0.0995
3275;0.1228
3294;0.165
3309;0.1511
3330;0.1996
3337;0.2093
3347;0.246
3363;0.3079
3377;0.3364
3391;0.3064
3408;0.369
3424;0.3233
3447;0.3498
3453;0.3051
3468;0.3547
3478;0.2517
3500;0.1838
3521;0.1979
3533;0.1225
3550;0.1076
3565;0.0878
3579;0.0866
3595;0.1153
3605;0.1105
3617;0.1069
3637;0.111
3661;0.0975
3676;0.0806
3695;0.0919
3705;0.0975
3715;0.0903
3739;0.0875
3758;0.0998
3765;0.0927
