label,activity,aa,truth,fd_uname,polarity,secondary_structure,size,codon_diversity,charge,position
gG140A,3.4940809240535002,G,defluor,WP_178618037_1_G140A,-0.38,1.65,1.33,1.05,2.06,140
gS23A,3.4055391579634726,S,defluor,WP_178618037_1_S23A,-2.65,-0.23,1.4,-4.76,0.67,23
gS122A,3.403997166138434,S,defluor,WP_178618037_1_S122A,-2.65,-0.23,1.4,-4.76,0.67,122
gS141A,3.3409883468766584,S,defluor,WP_178618037_1_S141A,-2.65,-0.38,1.65,1.33,1.05,141
gG113A,3.2538144908311737,G,defluor,WP_178618037_1_G113A,2.06,0.93,-0.18,-3.01,-0.5,113
gQ62A,3.2187501023939684,Q,defluor,WP_178618037_1_Q62A,-1.85,0.34,-0.42,-1.67,-1.47,62
gH192A,3.2160610094155357,H,defluor,WP_178618037_1_H192A,-0.08,1.36,-1.45,1.48,0.11,192
gE169A,3.213162415087113,E,defluor,WP_178618037_1_E169A,-0.84,1.05,0.3,-3.66,-0.26,169
gD79A,3.2048071314894457,D,defluor,WP_178618037_1_D79A,-3.24,-0.38,1.65,1.33,1.05,79
gG151A,3.1902930590579377,G,defluor,WP_178618037_1_G151A,2.06,1.05,0.3,-3.66,-0.26,151
gD95A,3.1886151187292624,D,defluor,WP_178618037_1_D95A,-3.24,-1.02,-0.99,-1.51,1.27,95
gL105A,3.16206111072764,L,defluor,WP_178618037_1_L105A,-0.91,1.36,-1.45,1.48,0.11,105
gE92A,3.1556082849956417,E,defluor,WP_178618037_1_E92A,-0.84,1.54,-0.06,1.5,0.44,92
gR115A,3.1473299847805913,R,defluor,WP_178618037_1_R115A,2.9,1.36,-1.45,1.48,0.11,115
gE80A,3.1433740369586225,E,defluor,WP_178618037_1_E80A,-0.84,-0.03,0.33,2.21,0.91,80
gT94A,3.141047028250663,T,defluor,WP_178618037_1_T94A,1.31,-0.38,1.65,1.33,1.05,94
gG86A,3.139608958113575,G,defluor,WP_178618037_1_G86A,2.06,1.36,-1.45,1.48,0.11,86
gE165A,3.121850091007892,E,defluor,WP_178618037_1_E165A,-0.84,-1.34,-0.28,-0.54,1.24,165
gV110A,3.0867730238856437,V,defluor,WP_178618037_1_V110A,-1.26,0.19,2.08,-1.63,0.42,110
gP69A,3.0855638884563366,P,defluor,WP_178618037_1_P69A,-1.39,1.05,0.3,-3.66,-0.26,69
gD83A,3.0828615189529365,D,defluor,WP_178618037_1_D83A,-3.24,-1.34,-0.28,-0.54,1.24,83
gV237A,3.0717419509979833,V,defluor,WP_178618037_1_V237A,-1.26,1.36,-1.45,1.48,0.11,237
gE91A,3.069651203147446,E,defluor,WP_178618037_1_E91A,-0.84,-1.02,-0.99,-1.51,1.27,91
gL64A,3.065457201906719,L,defluor,WP_178618037_1_L64A,-0.91,1.54,-0.06,1.5,0.44,64
gR116A,3.0624483522526003,R,defluor,WP_178618037_1_R116A,2.9,0.93,-0.18,-3.01,-0.5,116
gQ111A,3.058790005982401,Q,defluor,WP_178618037_1_Q111A,-1.85,-0.59,-1.3,-0.73,1.57,111
gA193H,3.054877888577205,A,defluor,WP_178618037_1_A193H,-0.15,1.54,-0.06,1.5,0.44,193
gR65A,3.054478942143772,R,defluor,WP_178618037_1_R65A,2.9,-1.02,-0.99,-1.51,1.27,65
gL205A,3.0429933260614157,L,defluor,WP_178618037_1_L205A,-0.91,1.05,0.3,-3.66,-0.26,205
gD221A,3.0404783062911993,D,defluor,WP_178618037_1_D221A,-3.24,0.34,-0.42,-1.67,-1.47,221
gH96A,3.03618453890665,H,defluor,WP_178618037_1_H96A,-0.08,-0.59,-1.3,-0.73,1.57,96
gA233H,3.035473082721359,A,defluor,WP_178618037_1_A233H,-0.15,1.54,-0.06,1.5,0.44,233
gR234A,3.0338933576577154,R,defluor,WP_178618037_1_R234A,2.9,-0.38,1.65,1.33,1.05,234
gG52A,3.029294811291285,G,defluor,WP_178618037_1_G52A,2.06,-0.03,0.33,2.21,0.91,52
gT90A,3.0239760609398285,T,defluor,WP_178618037_1_T90A,1.31,0.19,2.08,-1.63,0.42,90
gP175A,3.0227349524294462,P,defluor,WP_178618037_1_P175A,-1.39,1.54,-0.06,1.5,0.44,175
gR33A,3.022699394234524,R,defluor,WP_178618037_1_R33A,2.9,0.19,2.08,-1.63,0.42,33
gP66A,3.0206342951874623,P,defluor,WP_178618037_1_P66A,-1.39,-1.24,-0.55,2.13,0.39,66
gI54A,3.0205868423902635,I,defluor,WP_178618037_1_I54A,0.82,-1.34,-0.28,-0.54,1.24,54
gV210A,3.018057642589286,V,defluor,WP_178618037_1_V210A,-1.26,-0.03,0.33,2.21,0.91,210
gT119A,3.0148028176045774,T,defluor,WP_178618037_1_T119A,1.31,1.36,-1.45,1.48,0.11,119
gE217A,3.0100200028207875,E,defluor,WP_178618037_1_E217A,-0.84,1.36,-1.45,1.48,0.11,217
gE230A,3.0077497360276233,E,defluor,WP_178618037_1_E230A,-0.84,1.54,-0.06,1.5,0.44,230
gR174A,3.0032696217481454,R,defluor,WP_178618037_1_R174A,2.9,-1.34,-0.28,-0.54,1.24,174
gV18A,2.997647617482286,V,defluor,WP_178618037_1_V18A,-1.26,-0.03,0.33,2.21,0.91,18
gT224A,2.997479867100218,T,defluor,WP_178618037_1_T224A,1.31,-0.38,1.65,1.33,1.05,224
gG36A,2.9974249170302527,G,defluor,WP_178618037_1_G36A,2.06,1.83,-0.56,0.53,-0.28,36
gK88A,2.9961001578906234,K,defluor,WP_178618037_1_K88A,1.65,0.93,-0.18,-3.01,-0.5,88
gQ26A,2.982666082760628,Q,defluor,WP_178618037_1_Q26A,-1.85,-0.59,-1.3,-0.73,1.57,26
gA209H,2.977353032451084,A,defluor,WP_178618037_1_A209H,-0.15,1.36,-1.45,1.48,0.11,209
gE112A,2.975023119106651,E,defluor,WP_178618037_1_E112A,-0.84,-1.34,-0.28,-0.54,1.24,112
gV84A,2.972868636346623,V,defluor,WP_178618037_1_V84A,-1.26,-0.66,-1.52,2.22,-1.01,84
gM57A,2.971597292609636,M,defluor,WP_178618037_1_M57A,1.21,-0.59,-1.3,-0.73,1.57,57
gA226H,2.967882139806338,A,defluor,WP_178618037_1_A226H,-0.15,0.19,2.08,-1.63,0.42,226
gP185A,2.965949009030385,P,defluor,WP_178618037_1_P185A,-1.39,0.95,0.83,1.3,-0.17,185
gN98A,2.9630742357235396,N,defluor,WP_178618037_1_N98A,0.93,1.54,-0.06,1.5,0.44,98
gR99A,2.9604454492955923,R,defluor,WP_178618037_1_R99A,2.9,1.36,-1.45,1.48,0.11,99
gE29A,2.958966456318821,E,defluor,WP_178618037_1_E29A,-0.84,-0.59,-1.3,-0.73,1.57,29
gA34H,2.95484591905492,A,defluor,WP_178618037_1_A34H,-0.15,1.36,-1.45,1.48,0.11,34
gE22A,2.9541291710478497,E,defluor,WP_178618037_1_E22A,-0.84,-0.38,1.65,1.33,1.05,22
gG32A,2.9534949653465112,G,defluor,WP_178618037_1_G32A,2.06,1.05,0.3,-3.66,-0.26,32
gD166A,2.9514164191496453,D,defluor,WP_178618037_1_D166A,-3.24,1.83,-0.56,0.53,-0.28,166
gK118A,2.9497419545049843,K,defluor,WP_178618037_1_K118A,1.65,-1.02,-0.99,-1.51,1.27,118
gL100A,2.9485015188419283,L,defluor,WP_178618037_1_L100A,-0.91,-0.38,1.65,1.33,1.05,100
gG142A,2.946371287893965,G,defluor,WP_178618037_1_G142A,2.06,1.83,-0.56,0.53,-0.28,142
gK219A,2.9456082738198037,K,defluor,WP_178618037_1_K219A,1.65,1.36,-1.45,1.48,0.11,219
gE59A,2.944764309756921,E,defluor,WP_178618037_1_E59A,-0.84,1.83,-0.56,0.53,-0.28,59
gK35A,2.943789010466056,K,defluor,WP_178618037_1_K35A,1.65,0.34,-0.42,-1.67,-1.47,35
gH42A,2.9417370677815127,H,defluor,WP_178618037_1_H42A,-0.08,0.95,0.83,1.3,-0.17,42
gN212A,2.9416751008275956,N,defluor,WP_178618037_1_N212A,0.93,0.95,0.83,1.3,-0.17,212
gN211A,2.9361483467651994,N,defluor,WP_178618037_1_N211A,0.93,0.19,2.08,-1.63,0.42,211
gP197A,2.935883446566431,P,defluor,WP_178618037_1_P197A,-1.39,1.36,-1.45,1.48,0.11,197
gE50A,2.9340552873403314,E,defluor,WP_178618037_1_E50A,-0.84,-0.03,0.33,2.21,0.91,50
gT13A,2.9323871581431886,T,defluor,WP_178618037_1_T13A,1.31,-0.38,1.65,1.33,1.05,13
gG63A,2.9316029675202864,G,defluor,WP_178618037_1_G63A,2.06,-1.34,-0.28,-0.54,1.24,63
gV47A,2.920888649480141,V,defluor,WP_178618037_1_V47A,-1.26,-0.03,0.33,2.21,0.91,47
gS4A,2.9156358305698458,S,defluor,WP_178618037_1_S4A,-2.65,-1.02,-0.99,-1.51,1.27,4
gL82A,2.9145961070891215,L,defluor,WP_178618037_1_L82A,-0.91,1.36,-1.45,1.48,0.11,82
gE223A,2.9137228391382237,E,defluor,WP_178618037_1_E223A,-0.84,1.83,-0.56,0.53,-0.28,223
gK55A,2.9123301733747216,K,defluor,WP_178618037_1_K55A,1.65,1.54,-0.06,1.5,0.44,55
gR229A,2.909909202042668,R,defluor,WP_178618037_1_R229A,2.9,1.36,-1.45,1.48,0.11,229
gE176A,2.9079188638438067,E,defluor,WP_178618037_1_E176A,-0.84,1.36,-1.45,1.48,0.11,176
gE51A,2.906450096186719,E,defluor,WP_178618037_1_E51A,-0.84,1.54,-0.06,1.5,0.44,51
gR76A,2.9005847165547625,R,defluor,WP_178618037_1_R76A,2.9,-1.02,-0.99,-1.51,1.27,76
gL133A,2.892593198398984,L,defluor,WP_178618037_1_L133A,-0.91,0.19,2.08,-1.63,0.42,133
gP108A,2.890626471076306,P,defluor,WP_178618037_1_P108A,-1.39,-1.34,-0.28,-0.54,1.24,108
gV214A,2.8900189928672138,V,defluor,WP_178618037_1_V214A,-1.26,1.83,-0.56,0.53,-0.28,214
gK120A,2.8889358715358635,K,defluor,WP_178618037_1_K120A,1.65,-0.23,1.4,-4.76,0.67,120
gS186A,2.8850123231416074,S,defluor,WP_178618037_1_S186A,-2.65,0.19,2.08,-1.63,0.42,186
gP216A,2.873961021467511,P,defluor,WP_178618037_1_P216A,-1.39,1.36,-1.45,1.48,0.11,216
gE43A,2.86928651659845,E,defluor,WP_178618037_1_E43A,-0.84,-1.02,-0.99,-1.51,1.27,43
gL104A,2.867708526168671,L,defluor,WP_178618037_1_L104A,-0.91,-1.02,-0.99,-1.51,1.27,104
gL199A,2.858982432765814,L,defluor,WP_178618037_1_L199A,-0.91,0.26,0.83,3.1,-0.84,199
gY85A,2.8551286842446024,Y,defluor,WP_178618037_1_Y85A,1.51,-1.34,-0.28,-0.54,1.24,85
gV37A,2.84395036619625,V,defluor,WP_178618037_1_V37A,-1.26,0.19,2.08,-1.63,0.42,37
gP204A,2.8356902894936735,P,defluor,WP_178618037_1_P204A,-1.39,1.36,-1.45,1.48,0.11,204
gE68A,2.834769036876169,E,defluor,WP_178618037_1_E68A,-0.84,1.36,-1.45,1.48,0.11,68
gE27A,2.833251881561207,E,defluor,WP_178618037_1_E27A,-0.84,0.19,2.08,-1.63,0.42,27
gP144A,2.82426101186824,P,defluor,WP_178618037_1_P144A,-1.39,0.93,-0.18,-3.01,-0.5,144
gQ153A,2.80955320438145,Q,defluor,WP_178618037_1_Q153A,-1.85,0.93,-0.18,-3.01,-0.5,153
gQ155A,2.8095392226157045,Q,defluor,WP_178618037_1_Q155A,-1.85,-0.59,-1.3,-0.73,1.57,155
gA218H,2.7970118253154723,A,defluor,WP_178618037_1_A218H,-0.15,-0.23,1.4,-4.76,0.67,218
gS38A,2.796873061798665,S,defluor,WP_178618037_1_S38A,-2.65,-1.34,-0.28,-0.54,1.24,38
gV24A,2.7457646165970306,V,defluor,WP_178618037_1_V24A,-1.26,-1.34,-0.28,-0.54,1.24,24
gV225A,2.7441756285468597,V,defluor,WP_178618037_1_V225A,-1.26,0.26,0.83,3.1,-0.84,225
gY58A,2.71883256830287,Y,defluor,WP_178618037_1_Y58A,1.51,-1.02,-0.99,-1.51,1.27,58
gL179A,2.7081832780252904,L,defluor,WP_178618037_1_L179A,-0.91,0.19,2.08,-1.63,0.42,179
gP125A,2.707259560835136,P,defluor,WP_178618037_1_P125A,-1.39,0.26,0.83,3.1,-0.84,125
gY200A,2.705969028473315,Y,defluor,WP_178618037_1_Y200A,1.51,-1.34,-0.28,-0.54,1.24,200
gV25A,2.668865449629896,V,defluor,WP_178618037_1_V25A,-1.26,-0.59,-1.3,-0.73,1.57,25
gA30H,2.666208623563973,A,defluor,WP_178618037_1_A30H,-0.15,-0.03,0.33,2.21,0.91,30
gT162A,2.6396345927435214,T,defluor,WP_178618037_1_T162A,1.31,0.95,0.83,1.3,-0.17,162
gN5A,2.6388967490965927,N,defluor,WP_178618037_1_N5A,0.93,0.95,0.83,1.3,-0.17,5
gN46A,2.616707829758934,N,defluor,WP_178618037_1_N46A,0.93,1.05,0.3,-3.66,-0.26,46
gD2A,2.6101173382765914,D,defluor,WP_178618037_1_D2A,-3.24,1.83,-0.56,0.53,-0.28,2
gK77A,2.6071947781153946,K,defluor,WP_178618037_1_K77A,1.65,-1.34,-0.28,-0.54,1.24,77
gV60A,2.605444025659973,V,defluor,WP_178618037_1_V60A,-1.26,1.05,0.3,-3.66,-0.26,60
gD40A,2.5984824015429613,D,defluor,WP_178618037_1_D40A,-3.24,-1.02,-0.99,-1.51,1.27,40
gL89A,2.5565239584961073,L,defluor,WP_178618037_1_L89A,-0.91,1.83,-0.56,0.53,-0.28,89
gK139A,2.5551512116048865,K,defluor,WP_178618037_1_K139A,1.65,-0.38,1.65,1.33,1.05,139
gG190A,2.5338281940729215,G,defluor,WP_178618037_1_G190A,2.06,-0.38,1.65,1.33,1.05,190
gG236A,2.532038328884725,G,defluor,WP_178618037_1_G236A,2.06,-0.38,1.65,1.33,1.05,236
gG173A,2.531926080044026,G,defluor,WP_178618037_1_G173A,2.06,-0.38,1.65,1.33,1.05,173
gG129A,2.5217250453722984,G,defluor,WP_178618037_1_G129A,2.06,-1.24,-0.55,2.13,0.39,129
gI10A,2.476106217240064,I,defluor,WP_178618037_1_I10A,0.82,1.54,-0.06,1.5,0.44,10
gR75A,2.4587197582473506,R,defluor,WP_178618037_1_R75A,2.9,0.19,2.08,-1.63,0.42,75
gP106A,2.4485818359493816,P,defluor,WP_178618037_1_P106A,-1.39,1.54,-0.06,1.5,0.44,106
gR7A,2.4414888757391635,R,defluor,WP_178618037_1_R7A,2.9,1.05,0.3,-3.66,-0.26,7
gD160A,2.4366773427942943,D,defluor,WP_178618037_1_D160A,-3.24,-1.24,-0.55,2.13,0.39,160
gI39A,2.4211345453270137,I,defluor,WP_178618037_1_I39A,0.82,-0.38,1.65,1.33,1.05,39
gG124A,2.3952625476567446,G,defluor,WP_178618037_1_G124A,2.06,1.36,-1.45,1.48,0.11,124
gE93A,2.3746001297535364,E,defluor,WP_178618037_1_E93A,-0.84,1.36,-1.45,1.48,0.11,93
gE215A,2.365350990775191,E,defluor,WP_178618037_1_E215A,-0.84,-1.34,-0.28,-0.54,1.24,215
gV17A,2.35058311657095,V,defluor,WP_178618037_1_V17A,-1.26,0.19,2.08,-1.63,0.42,17
gP202A,2.3304349694485107,P,defluor,WP_178618037_1_P202A,-1.39,-1.34,-0.28,-0.54,1.24,202
gV3A,2.283485866978159,V,defluor,WP_178618037_1_V3A,-1.26,-1.34,-0.28,-0.54,1.24,3
gV56A,2.2392963815438063,V,defluor,WP_178618037_1_V56A,-1.26,-1.24,-0.55,2.13,0.39,56
gI194A,2.2024788643348505,I,defluor,WP_178618037_1_I194A,0.82,1.54,-0.06,1.5,0.44,194
gR132A,2.2019987378962824,R,defluor,WP_178618037_1_R132A,2.9,-1.01,-0.59,1.89,-0.4,132
gF157A,2.1856579400812373,F,defluor,WP_178618037_1_F157A,0.41,-0.38,1.65,1.33,1.05,157
gG28A,2.1780686329204886,G,defluor,WP_178618037_1_G28A,2.06,0.26,0.83,3.1,-0.84,28
gY53A,2.159001041937463,Y,defluor,WP_178618037_1_Y53A,1.51,-1.24,-0.55,2.13,0.39,53
gI8A,2.1546917548548907,I,defluor,WP_178618037_1_I8A,0.82,-1.34,-0.28,-0.54,1.24,8
gV6A,2.146281139275601,V,defluor,WP_178618037_1_V6A,-1.26,0.26,0.83,3.1,-0.84,6
gY220A,2.1393648125542315,Y,defluor,WP_178618037_1_Y220A,1.51,-1.34,0.47,-0.86,-1.02,220
gC196A,2.1276463994978627,C,defluor,WP_178618037_1_C196A,-0.26,-0.59,-1.3,-0.73,1.57,196
gA61H,2.127083745997075,A,defluor,WP_178618037_1_A61H,-0.15,ERROR,1.05,0.3,-3.66,61
gD71A,2.1028005526921225,D,defluor,WP_178618037_1_D71A,-1.47,-0.08,ERROR,1.54,-0.06,71
